name,gender,team,parental level of education,lunch,test preparation course,math score,reading score,writing score
Satonya,F,group B,bachelor's degree,standard,none,72,72,74
Shamariah,F,group C,some college,standard,completed,69,90,88
Kimary,F,group B,master's degree,standard,none,90,95,93
Malden,M,group A,associate's degree,free/reduced,none,47,57,44
Eloris,F,group C,some college,standard,none,76,78,75
Felisa,F,group B,associate's degree,standard,none,71,83,78
Calyse,F,group B,some college,standard,completed,88,95,92
Tiler,M,group B,some college,free/reduced,none,40,43,39
Rayvion,M,group D,high school,free/reduced,completed,64,64,67
Janasia,F,group B,high school,free/reduced,none,38,60,50
Heleina,F,group C,associate's degree,standard,none,58,54,52
Ladaijah,F,group D,associate's degree,standard,none,40,52,43
Kedrian,M,group B,high school,standard,none,65,81,73
Shayron,F,group A,some college,standard,completed,78,72,70
Santigo,M,group A,master's degree,standard,none,50,53,58
Xzayden,M,group C,some high school,standard,none,69,75,78
Danilyn,F,group C,high school,standard,none,88,89,86
Kariyana,F,group B,some high school,free/reduced,none,18,32,28
Joury,F,group C,master's degree,free/reduced,completed,46,42,46
Abdulsalam,M,group C,associate's degree,free/reduced,none,54,58,61
Imanee,F,group D,high school,standard,none,66,69,63
Sherrilynn,F,group B,some college,free/reduced,completed,65,75,70
Endrit,M,group D,some college,standard,none,44,54,53
Harmoniee,F,group C,some high school,standard,none,69,73,73
Narma,F,group D,bachelor's degree,free/reduced,completed,74,71,80
Tausif,M,group A,master's degree,free/reduced,none,73,74,72
Etienne,M,group B,some college,standard,none,69,54,55
Perryn,M,group C,bachelor's degree,standard,none,67,69,75
Jaz,M,group C,high school,standard,none,70,70,65
Alixx,F,group D,master's degree,standard,none,62,70,75
Claudel,M,group D,some college,standard,none,69,74,74
Johnnathon,M,group B,some college,standard,none,63,65,61
Khailee,F,group E,master's degree,free/reduced,none,56,72,65
Lorie,F,group D,some college,standard,none,40,42,38
Jovina,F,group E,some college,standard,none,97,87,82
Debarah,F,group E,associate's degree,standard,completed,81,81,79
Taeryn,F,group D,associate's degree,standard,none,74,81,83
Estis,M,group D,some high school,free/reduced,none,50,64,59
Janeece,F,group D,associate's degree,free/reduced,completed,75,90,88
Gilian,F,group B,associate's degree,free/reduced,none,57,56,57
Sander,M,group C,associate's degree,free/reduced,none,55,61,54
Nonna,F,group C,associate's degree,standard,none,58,73,68
Dauri,F,group B,associate's degree,standard,none,53,58,65
Marlana,F,group B,some college,free/reduced,completed,59,65,66
Triton,M,group E,associate's degree,free/reduced,none,50,56,54
Saarim,M,group B,associate's degree,standard,none,65,54,57
Rethal,F,group A,associate's degree,standard,completed,55,65,62
Jazelle,F,group C,high school,standard,none,66,71,76
Zitlally,F,group D,associate's degree,free/reduced,completed,57,74,76
Mancie,M,group C,high school,standard,completed,82,84,82
Kishan,M,group E,some college,standard,none,53,55,48
Tomaka,F,group E,associate's degree,free/reduced,completed,77,69,68
Reyaan,M,group C,some college,standard,none,53,44,42
Raymone,M,group D,high school,standard,none,88,78,75
Mauricus,M,group C,some high school,free/reduced,completed,71,84,87
Harleth,M,group C,high school,free/reduced,none,33,41,43
Haylee,F,group E,associate's degree,standard,completed,82,85,86
Tuvya,M,group D,associate's degree,standard,none,52,55,49
Tovah,F,group D,some college,standard,completed,58,59,58
Akaash,M,group C,some high school,free/reduced,none,0,17,10
Liddie,F,group E,bachelor's degree,free/reduced,completed,79,74,72
Charlies,M,group A,some high school,free/reduced,none,39,39,34
Kathyrne,F,group A,associate's degree,free/reduced,none,62,61,55
Tijana,F,group C,associate's degree,standard,none,69,80,71
Larreon,M,group D,some high school,standard,none,59,58,59
Takeesha,F,group B,some high school,standard,none,67,64,61
Dajaun,M,group D,some high school,free/reduced,none,45,37,37
Taishan,M,group C,some college,standard,none,60,72,74
Yaschia,F,group B,associate's degree,free/reduced,none,61,58,56
Lorett,F,group C,associate's degree,standard,none,39,64,57
Eldina,F,group D,some college,free/reduced,completed,58,63,73
Ameliagrace,F,group D,some college,standard,completed,63,55,63
Jenett,F,group A,associate's degree,free/reduced,none,41,51,48
Anairis,F,group C,some high school,free/reduced,none,61,57,56
Eshanti,F,group C,some high school,standard,none,49,49,41
Chanaya,F,group B,associate's degree,free/reduced,none,44,41,38
Kinson,M,group E,some high school,standard,none,30,26,22
Haven,F,group A,bachelor's degree,standard,completed,80,78,81
Josephene,F,group D,some high school,standard,completed,61,74,72
Mukta,F,group E,master's degree,standard,none,62,68,68
Renaud,M,group B,associate's degree,standard,none,47,49,50
Eziquiel,M,group B,high school,free/reduced,none,49,45,45
Carolena,F,group A,some college,free/reduced,completed,50,47,54
Mica,F,group E,associate's degree,standard,none,72,64,63
Wilesha,F,group D,high school,free/reduced,none,42,39,34
Tailer,F,group C,some college,standard,none,73,80,82
Johnette,F,group C,some college,free/reduced,none,76,83,88
Malysia,F,group D,associate's degree,standard,none,71,71,74
Elynne,F,group A,some college,standard,none,58,70,67
Silja,F,group D,some high school,standard,none,73,86,82
Oliviana,F,group C,bachelor's degree,standard,none,65,72,74
Johnchristian,M,group C,high school,free/reduced,none,27,34,36
Tralaina,F,group C,high school,standard,none,71,79,71
Emberlie,F,group C,associate's degree,free/reduced,completed,43,45,50
Elijhah,M,group B,some college,standard,none,79,86,92
Tilghman,M,group C,associate's degree,free/reduced,completed,78,81,82
Kelcy,F,group B,some high school,standard,completed,65,66,62
Tyra,F,group E,some college,standard,completed,63,72,70
Tarone,M,group D,some college,free/reduced,none,58,67,62
Cyprus,M,group D,bachelor's degree,standard,none,65,67,62
Nilla,F,group B,some college,standard,none,79,67,67
Charleston,M,group D,bachelor's degree,standard,completed,68,74,74
Anissah,F,group D,associate's degree,standard,none,85,91,89
Shantivia,F,group B,high school,standard,completed,60,44,47
Abduel,M,group C,some college,standard,completed,98,86,90
Brigette,F,group C,some college,standard,none,58,67,72
Medinah,F,group D,master's degree,standard,none,87,100,100
Jahari,M,group E,associate's degree,standard,completed,66,63,64
Hibo,F,group B,associate's degree,free/reduced,none,52,76,70
Breah,F,group B,some high school,standard,none,70,64,72
Eniya,F,group D,associate's degree,free/reduced,completed,77,89,98
Mayarose,F,group C,high school,standard,none,62,55,49
Thara,F,group A,associate's degree,standard,none,54,53,47
Jeric,M,group D,some college,standard,none,51,58,54
Tylese,F,group E,bachelor's degree,standard,completed,99,100,100
Deshaune,M,group C,high school,standard,none,84,77,74
Shmaya,M,group B,bachelor's degree,free/reduced,none,75,85,82
Gala,F,group D,bachelor's degree,standard,none,78,82,79
Cambrie,F,group D,some high school,standard,none,51,63,61
Davonna,F,group C,some college,standard,none,55,69,65
Alexxandra,F,group C,bachelor's degree,standard,completed,79,92,89
Jervon,M,group B,associate's degree,standard,completed,91,89,92
Jorman,M,group C,some college,standard,completed,88,93,93
Reston,M,group D,high school,free/reduced,none,63,57,56
Jayiden,M,group E,some college,standard,none,83,80,73
Jima,F,group B,high school,standard,none,87,95,86
Leoria,F,group B,some high school,standard,none,72,68,67
Delite,F,group D,some college,standard,completed,65,77,74
Sehana,F,group D,master's degree,standard,none,82,82,74
Nakita,F,group A,bachelor's degree,standard,none,51,49,51
Maryn,F,group D,master's degree,standard,none,89,84,82
Annica,F,group C,some high school,free/reduced,completed,53,37,40
Salsabeel,F,group E,some college,free/reduced,completed,87,74,70
Brayana,F,group C,some college,standard,completed,75,81,84
Darely,F,group D,bachelor's degree,free/reduced,completed,74,79,75
Graysen,M,group C,bachelor's degree,standard,none,58,55,48
Joretta,F,group B,some high school,standard,completed,51,54,41
Ayanah,F,group E,high school,standard,none,70,55,56
Kyong,F,group C,associate's degree,standard,none,59,66,67
Vika,F,group D,some college,standard,completed,71,61,69
Jaylynne,F,group D,some high school,standard,none,76,72,71
Bailen,M,group C,some college,free/reduced,none,59,62,64
Daileen,F,group E,some college,free/reduced,completed,42,55,54
Janet,F,group A,high school,standard,none,57,43,47
Zamaiya,F,group D,some college,standard,none,88,73,78
Jesai,M,group C,some college,free/reduced,none,22,39,33
Mychaela,F,group B,some high school,standard,none,88,84,75
Jazariya,F,group C,associate's degree,free/reduced,none,73,68,66
Atinuke,F,group D,bachelor's degree,standard,completed,68,75,81
Orey,M,group E,associate's degree,free/reduced,completed,100,100,93
Anias,M,group A,some high school,standard,completed,62,67,69
Jurita,F,group A,bachelor's degree,standard,none,77,67,68
Portlyn,F,group B,associate's degree,standard,completed,59,70,66
Aian,M,group D,bachelor's degree,standard,none,54,49,47
Shreyash,M,group D,some high school,standard,none,62,67,61
Hermas,M,group C,some college,standard,completed,70,89,88
Najely,F,group E,high school,free/reduced,completed,66,74,78
Arys,M,group B,some college,free/reduced,none,60,60,60
Teila,F,group B,associate's degree,standard,completed,61,86,87
Jonay,F,group D,associate's degree,free/reduced,none,66,62,64
Rice,M,group B,associate's degree,free/reduced,completed,82,78,74
Mumina,F,group E,some college,free/reduced,completed,75,88,85
Shakell,M,group B,master's degree,free/reduced,none,49,53,52
Naida,F,group C,high school,standard,none,52,53,49
Shakisha,F,group E,master's degree,standard,none,81,92,91
Oluwamayomikun,M,group C,bachelor's degree,standard,completed,96,100,100
Milus,M,group C,high school,free/reduced,completed,53,51,51
Matthue,M,group B,master's degree,free/reduced,completed,58,76,78
Jahmia,F,group B,high school,standard,completed,68,83,78
Antroine,M,group C,some college,free/reduced,completed,67,75,70
Annalaya,F,group A,high school,standard,completed,72,73,74
Jazzelle,F,group E,some high school,standard,none,94,88,78
Sylivia,F,group D,some college,standard,none,79,86,81
Magalena,F,group C,associate's degree,standard,none,63,67,70
Lear,F,group C,bachelor's degree,free/reduced,completed,43,51,54
Nicson,M,group C,master's degree,standard,completed,81,91,87
Anallely,F,group B,high school,free/reduced,completed,46,54,58
Chelci,F,group C,associate's degree,standard,completed,71,77,77
Lenesha,F,group B,master's degree,free/reduced,completed,52,70,62
Giselle,F,group D,some high school,standard,completed,97,100,100
Mekka,F,group C,master's degree,free/reduced,completed,62,68,75
Armeen,M,group C,some college,free/reduced,none,46,64,66
Aeowyn,F,group E,high school,standard,none,50,50,47
Abdulkhaliq,M,group D,associate's degree,standard,none,65,69,70
Siranthony,M,group C,some high school,free/reduced,completed,45,52,49
Shaynna,F,group C,associate's degree,free/reduced,completed,65,67,65
Beckhem,M,group E,high school,standard,none,80,76,65
Fantashia,F,group D,some high school,standard,completed,62,66,68
Jaboris,M,group B,some high school,free/reduced,none,48,52,45
Esly,F,group C,bachelor's degree,standard,none,77,88,87
Marcelius,M,group E,associate's degree,standard,none,66,65,69
Mario,M,group D,some college,standard,completed,76,83,79
Gwynn,F,group B,some high school,standard,none,62,64,66
Mirra,F,group D,some college,standard,completed,77,62,62
Brashawn,M,group C,master's degree,standard,completed,69,84,85
Kilian,M,group D,associate's degree,standard,none,61,55,52
Theoden,M,group C,some high school,free/reduced,completed,59,69,65
Yahne,F,group E,high school,free/reduced,none,55,56,51
Emelinda,F,group B,some college,free/reduced,none,45,53,55
Raimondo,M,group B,bachelor's degree,free/reduced,none,78,79,76
Lashel,F,group C,associate's degree,standard,completed,67,84,86
Janielis,F,group D,some college,free/reduced,none,65,81,77
Cameca,F,group C,associate's degree,standard,none,69,77,69
Sergiojr,M,group B,associate's degree,standard,none,57,69,68
Madelynne,F,group C,some college,standard,none,59,41,42
Prabhjot,M,group D,some high school,standard,completed,74,71,78
Quasheema,F,group E,bachelor's degree,standard,none,82,62,62
Ginell,F,group E,high school,standard,completed,81,80,76
Weber,M,group B,some college,free/reduced,none,74,81,76
Hazaiah,M,group B,some college,free/reduced,none,58,61,66
Bobette,F,group D,some high school,free/reduced,completed,80,79,79
Caysen,M,group C,some college,free/reduced,none,35,28,27
Shabd,M,group C,high school,free/reduced,none,42,62,60
Tylayshia,F,group C,associate's degree,free/reduced,completed,60,51,56
Alma,F,group E,high school,standard,completed,87,91,81
Aryav,M,group B,some high school,standard,completed,84,83,75
Janille,F,group E,associate's degree,free/reduced,completed,83,86,88
Jamer,M,group C,high school,free/reduced,none,34,42,39
Jakiem,M,group B,high school,free/reduced,none,66,77,70
Maire,F,group B,some high school,standard,completed,61,56,56
Kymier,M,group D,high school,standard,completed,56,68,74
Derriana,F,group B,associate's degree,standard,none,87,85,73
Gabrylle,F,group C,some high school,free/reduced,none,55,65,62
Harmie,M,group D,some high school,standard,none,86,80,75
Keonne,M,group B,associate's degree,standard,completed,52,66,73
Nayima,F,group E,master's degree,free/reduced,none,45,56,54
Nashely,F,group C,some college,standard,none,72,72,71
Kelsee,F,group D,high school,standard,none,57,50,54
Seneca,M,group A,some high school,free/reduced,none,68,72,64
Elfreida,F,group C,some college,standard,completed,88,95,94
Rosenda,F,group D,some college,standard,none,76,64,66
Jakhari,M,group C,associate's degree,standard,none,46,43,42
Elexcia,F,group B,bachelor's degree,standard,none,67,86,83
Annalysa,F,group E,some high school,standard,none,92,87,78
Shamra,F,group C,bachelor's degree,standard,completed,83,82,84
Zani,F,group D,associate's degree,standard,none,80,75,77
Keva,F,group D,bachelor's degree,free/reduced,none,63,66,67
Reydavid,M,group D,some high school,standard,completed,64,60,74
Elbie,M,group B,some college,standard,none,54,52,51
Shaqulia,F,group C,associate's degree,standard,none,84,80,80
Jaterra,F,group D,high school,free/reduced,completed,73,68,66
Gerda,F,group E,bachelor's degree,standard,none,80,83,83
Brittney,F,group D,high school,standard,none,56,52,55
Sherwanda,F,group E,some college,standard,none,59,51,43
Shanigua,F,group D,some high school,standard,none,75,74,69
Merisha,F,group C,associate's degree,standard,none,85,76,71
Yobana,F,group E,associate's degree,standard,none,89,76,74
Tamaj,M,group B,high school,standard,completed,58,70,68
Adley,F,group B,high school,standard,none,65,64,62
Linsy,F,group C,high school,standard,none,68,60,53
Keithin,M,group A,some high school,standard,completed,47,49,49
Durwood,M,group D,some college,free/reduced,none,71,83,83
Adylyn,F,group B,some high school,standard,completed,60,70,70
Reaven,F,group D,master's degree,standard,none,80,80,72
Agasthya,M,group D,high school,standard,none,54,52,52
Hyla,F,group E,some college,standard,none,62,73,70
Bertrand,M,group C,associate's degree,free/reduced,none,64,73,68
Bryona,F,group C,associate's degree,standard,completed,78,77,77
Laphonso,M,group B,some college,standard,none,70,75,78
Kaia,F,group C,master's degree,free/reduced,completed,65,81,81
Frimy,F,group C,some high school,free/reduced,completed,64,79,77
Shydia,F,group C,some college,standard,completed,79,79,78
Marianna,F,group C,some high school,free/reduced,none,44,50,51
Alaura,F,group E,high school,standard,none,99,93,90
Micai,M,group D,high school,standard,none,76,73,68
Dimario,M,group D,some high school,free/reduced,none,59,42,41
Khandice,F,group C,bachelor's degree,standard,none,63,75,81
Quientin,M,group D,high school,standard,none,69,72,77
Jetzael,M,group D,associate's degree,standard,completed,88,92,95
Johnine,F,group E,some college,free/reduced,none,71,76,70
Deolinda,F,group C,bachelor's degree,standard,none,69,63,61
Demid,M,group C,some college,standard,none,58,49,42
Arley,M,group D,associate's degree,free/reduced,none,47,53,58
Janeah,F,group D,some college,standard,none,65,70,71
Reinold,M,group B,some college,standard,completed,88,85,76
Devany,F,group C,bachelor's degree,standard,none,83,78,73
Maxyne,F,group C,some high school,standard,completed,85,92,93
Katline,F,group E,high school,standard,completed,59,63,75
Adhara,F,group C,some high school,free/reduced,none,65,86,80
Dietra,F,group B,bachelor's degree,free/reduced,none,73,56,57
Jeanbaptiste,M,group D,high school,standard,none,53,52,42
Gigette,F,group D,high school,standard,none,45,48,46
Tanganika,F,group D,bachelor's degree,free/reduced,none,73,79,84
Dewyne,M,group D,some college,free/reduced,completed,70,78,78
Sabree,F,group B,some high school,standard,none,37,46,46
Sanilah,F,group B,associate's degree,standard,completed,81,82,82
Marvlene,F,group E,associate's degree,standard,completed,97,82,88
Jaiyda,F,group B,some high school,standard,none,67,89,82
Isabellagrace,F,group B,bachelor's degree,free/reduced,none,88,75,76
Aidenn,M,group E,some high school,standard,completed,77,76,77
Tinsley,F,group C,associate's degree,standard,none,76,70,68
Herny,M,group D,some high school,standard,none,86,73,70
Ulysse,M,group C,some high school,standard,completed,63,60,57
Krishn,M,group E,bachelor's degree,standard,none,65,73,75
Kennyah,F,group D,high school,free/reduced,completed,78,77,80
Brishae,F,group B,associate's degree,free/reduced,none,67,62,60
Crowell,M,group A,some high school,standard,completed,46,41,43
Kamyah,F,group E,associate's degree,standard,completed,71,74,68
Cathyleen,F,group C,high school,free/reduced,completed,40,46,50
Ajai,M,group D,associate's degree,free/reduced,none,90,87,75
Sadiee,F,group A,some college,free/reduced,completed,81,78,81
Omaria,F,group D,some high school,free/reduced,none,56,54,52
Muntaha,F,group C,associate's degree,standard,completed,67,84,81
Ellianah,F,group B,associate's degree,standard,none,80,76,64
Jarone,M,group C,associate's degree,standard,completed,74,75,83
Captola,F,group A,some college,standard,none,69,67,69
Monterious,M,group E,some college,standard,completed,99,87,81
Jayceona,F,group C,some high school,standard,none,51,52,44
Jaili,F,group B,associate's degree,free/reduced,none,53,71,67
Keshawna,F,group D,high school,free/reduced,none,49,57,52
Diyon,M,group B,associate's degree,standard,none,73,76,80
Daymien,M,group B,bachelor's degree,standard,none,66,60,57
Simayah,F,group D,bachelor's degree,standard,completed,67,61,68
Chrstina,F,group C,associate's degree,free/reduced,completed,68,67,69
Kemanie,F,group C,bachelor's degree,standard,completed,59,64,75
Shenya,F,group C,high school,standard,none,71,66,65
Koren,F,group D,master's degree,standard,completed,77,82,91
Eldwin,M,group C,associate's degree,standard,none,83,72,78
Devaughnte,M,group B,bachelor's degree,standard,none,63,71,69
Voncia,F,group D,associate's degree,free/reduced,none,56,65,63
Tini,F,group C,high school,free/reduced,completed,67,79,84
Lelon,M,group E,high school,standard,none,75,86,79
Reider,M,group C,some college,standard,none,71,81,80
Cithlali,F,group C,some high school,free/reduced,none,43,53,53
Orantes,M,group C,high school,free/reduced,none,41,46,43
Mckinzey,F,group C,some college,standard,none,82,90,94
Spandan,M,group C,some college,standard,none,61,61,62
Aylena,F,group A,some college,free/reduced,none,28,23,19
Rondell,M,group C,associate's degree,standard,completed,82,75,77
Hayly,F,group B,some high school,standard,none,41,55,51
Akari,F,group C,high school,standard,none,71,60,61
Tytanna,F,group C,associate's degree,standard,none,47,37,35
Yasemin,F,group E,associate's degree,standard,completed,62,56,53
Bobbilee,F,group B,associate's degree,standard,none,90,78,81
Sanne,F,group C,bachelor's degree,standard,none,83,93,95
Gwennan,F,group B,some college,free/reduced,none,61,68,66
Ebben,M,group D,some high school,standard,completed,76,70,69
Albon,M,group C,associate's degree,standard,none,49,51,43
Tyone,M,group B,some high school,free/reduced,none,24,38,27
Deauna,F,group D,some high school,free/reduced,completed,35,55,60
Yula,F,group C,high school,free/reduced,none,58,61,52
Zuleyma,F,group C,high school,standard,none,61,73,63
Nidhi,F,group B,high school,standard,completed,69,76,74
Casee,F,group D,associate's degree,standard,completed,67,72,67
Matiya,F,group D,some college,standard,none,79,73,67
Christifer,M,group C,high school,standard,none,72,80,75
Saavi,F,group B,some college,standard,none,62,61,57
Katey,F,group C,bachelor's degree,standard,completed,77,94,95
Aylisha,F,group D,high school,free/reduced,none,75,74,66
Dameian,M,group E,associate's degree,standard,none,87,74,76
Viggo,M,group B,bachelor's degree,standard,none,52,65,69
Orbin,M,group E,some college,standard,none,66,57,52
Rosalin,F,group C,some college,standard,completed,63,78,80
Jaxtin,M,group C,associate's degree,standard,none,46,58,57
Zaedin,M,group C,some college,standard,none,59,71,70
Beonca,F,group B,bachelor's degree,standard,none,61,72,70
Cashel,M,group A,associate's degree,standard,none,63,61,61
Carilyn,F,group C,some college,free/reduced,completed,42,66,69
Laytoya,F,group D,some college,free/reduced,none,59,62,61
Halimah,F,group D,some college,standard,none,80,90,89
Tyius,M,group B,high school,standard,none,58,62,59
Reimundo,M,group B,some high school,standard,completed,85,84,78
Khushi,F,group C,some college,standard,none,52,58,58
Vici,F,group D,some high school,free/reduced,none,27,34,32
Jhiya,F,group C,some college,standard,none,59,60,58
Annemari,F,group A,bachelor's degree,free/reduced,completed,49,58,60
Maliq,M,group C,high school,standard,completed,69,58,53
Banyon,M,group C,bachelor's degree,free/reduced,none,61,66,61
Kethia,F,group A,some high school,free/reduced,none,44,64,58
Kalan,M,group D,some high school,standard,none,73,84,85
Ging,F,group E,some college,standard,none,84,77,71
Daikwon,M,group C,some college,free/reduced,completed,45,73,70
Rhochelle,F,group D,some high school,standard,none,74,74,72
Terrica,F,group D,some college,standard,completed,82,97,96
Yamaya,F,group D,bachelor's degree,standard,none,59,70,73
Caster,M,group E,associate's degree,free/reduced,none,46,43,41
Dannay,F,group D,some high school,standard,none,80,90,82
Dontaye,M,group D,master's degree,free/reduced,completed,85,95,100
Branham,M,group A,some high school,standard,none,71,83,77
Elynna,F,group A,bachelor's degree,standard,none,66,64,62
Sriaadya,F,group B,associate's degree,standard,none,80,86,83
Adream,F,group C,associate's degree,standard,completed,87,100,95
Americas,F,group C,master's degree,free/reduced,none,79,81,71
Zhayne,M,group E,some high school,free/reduced,none,38,49,45
Aalysia,F,group A,some high school,free/reduced,none,38,43,43
Sahyra,F,group E,some college,standard,none,67,76,75
Marwan,M,group E,bachelor's degree,standard,none,64,73,70
Tereas,F,group C,associate's degree,free/reduced,none,57,78,67
Dawoud,M,group D,high school,standard,none,62,64,64
Zylan,M,group D,master's degree,standard,none,73,70,75
Jazemine,F,group E,some high school,free/reduced,completed,73,67,59
Jannali,F,group D,some college,standard,none,77,68,77
Axeel,M,group E,some college,standard,none,76,67,67
Saura,F,group C,associate's degree,standard,completed,57,54,56
Rojean,F,group C,some high school,standard,completed,65,74,77
Daisylynn,F,group A,high school,free/reduced,none,48,45,41
Torrica,F,group B,high school,free/reduced,none,50,67,63
Lavoid,M,group C,associate's degree,standard,none,85,89,95
Fifi,F,group B,some high school,standard,none,74,63,57
Zuella,F,group D,some high school,standard,none,60,59,54
Aliysha,F,group C,some high school,standard,completed,59,54,67
Adora,F,group A,some college,standard,none,53,43,43
Gaell,M,group A,some college,free/reduced,none,49,65,55
Juris,M,group D,high school,standard,completed,88,99,100
Arabell,F,group C,high school,standard,none,54,59,62
Kadijha,F,group C,some high school,standard,none,63,73,68
Nickalas,M,group B,associate's degree,standard,completed,65,65,63
Zaelia,F,group B,associate's degree,standard,none,82,80,77
Leicha,F,group D,high school,free/reduced,completed,52,57,56
Galia,F,group D,associate's degree,standard,completed,87,84,85
Nyera,F,group D,master's degree,standard,completed,70,71,74
Serenitey,F,group E,some college,standard,completed,84,83,78
Rodeny,M,group D,associate's degree,standard,none,71,66,60
Bond,M,group B,some high school,standard,completed,63,67,67
Jazzlene,F,group C,bachelor's degree,free/reduced,completed,51,72,79
Willam,M,group E,high school,standard,none,84,73,69
Mekenzi,F,group C,bachelor's degree,standard,completed,71,74,68
Irja,F,group C,associate's degree,standard,none,74,73,67
Adelyna,F,group D,some college,standard,none,68,59,62
Tensley,F,group E,high school,free/reduced,completed,57,56,54
Mclaine,F,group C,associate's degree,free/reduced,completed,82,93,93
Wanjiku,F,group D,high school,standard,completed,57,58,64
Teandria,F,group D,master's degree,free/reduced,completed,47,58,67
Shamada,F,group A,some high school,standard,completed,59,85,80
Carleena,F,group B,some college,free/reduced,none,41,39,34
Khayr,M,group C,some college,free/reduced,none,62,67,62
Keivin,M,group C,bachelor's degree,standard,none,86,83,86
Chandre,F,group C,some high school,free/reduced,none,69,71,65
Lanah,F,group A,some high school,free/reduced,none,65,59,53
Aishlin,F,group C,some high school,free/reduced,none,68,63,54
Ritvika,F,group C,associate's degree,free/reduced,none,64,66,59
Posy,F,group C,high school,standard,none,61,72,70
Khaleah,F,group C,high school,standard,none,61,56,55
Leeya,F,group A,some high school,free/reduced,none,47,59,50
Connall,M,group C,some high school,standard,none,73,66,66
Jessielynn,F,group C,some college,free/reduced,completed,50,48,53
Bridie,F,group D,associate's degree,standard,none,75,68,64
Sissi,F,group D,associate's degree,free/reduced,none,75,66,73
Jenea,F,group C,high school,standard,none,70,56,51
Ivanell,F,group D,some high school,standard,completed,89,88,82
Willas,M,group C,some college,standard,completed,67,81,79
Donnisha,F,group D,high school,standard,none,78,81,80
Millette,F,group A,some high school,free/reduced,none,59,73,69
Donni,F,group B,associate's degree,standard,none,73,83,76
Zenayah,F,group A,some high school,free/reduced,none,79,82,73
Cindel,F,group C,some high school,standard,completed,67,74,77
Kaynon,M,group D,some college,free/reduced,none,69,66,60
Javontai,M,group C,high school,standard,completed,86,81,80
Mehkai,M,group B,high school,standard,none,47,46,42
Maysel,F,group B,associate's degree,standard,none,81,73,72
Rozario,M,group C,some college,free/reduced,completed,64,85,85
Zymair,M,group E,some college,standard,none,100,92,97
Desean,M,group C,associate's degree,free/reduced,none,65,77,74
Kieona,F,group C,some college,free/reduced,none,65,58,49
Jasya,F,group C,associate's degree,free/reduced,none,53,61,62
Nisaiah,M,group C,bachelor's degree,free/reduced,none,37,56,47
Lajoy,F,group D,bachelor's degree,standard,none,79,89,89
Trevyon,M,group D,associate's degree,free/reduced,none,53,54,48
Kynnady,F,group E,bachelor's degree,standard,none,100,100,100
Marabeth,F,group B,high school,standard,completed,72,65,68
Stevin,M,group C,bachelor's degree,free/reduced,none,53,58,55
Huong,F,group B,some college,free/reduced,none,54,54,45
Gerrie,F,group E,some college,standard,none,71,70,76
Skiilar,F,group C,some college,free/reduced,none,77,90,91
Kennysha,F,group A,bachelor's degree,standard,completed,75,58,62
Kester,M,group C,some college,standard,none,84,87,91
Bige,M,group D,associate's degree,free/reduced,none,26,31,38
Jamyriah,F,group A,high school,free/reduced,completed,72,67,65
Braijon,M,group A,high school,free/reduced,completed,77,88,85
Avabella,F,group C,some college,standard,none,91,74,76
Shavonta,F,group C,associate's degree,standard,completed,83,85,90
Ethelwyn,F,group C,high school,standard,none,63,69,74
Octivia,F,group C,associate's degree,standard,completed,68,86,84
Asaf,M,group D,some high school,standard,none,59,67,61
Ace,M,group B,associate's degree,standard,completed,90,90,91
Wahneta,F,group D,bachelor's degree,standard,completed,71,76,83
Theory,F,group E,bachelor's degree,standard,completed,76,62,66
Mahrus,M,group D,associate's degree,standard,none,80,68,72
Rebelle,F,group D,master's degree,standard,none,55,64,70
Niara,F,group E,associate's degree,standard,none,76,71,67
Gerred,M,group B,high school,standard,completed,73,71,68
Demandre,M,group D,associate's degree,free/reduced,none,52,59,56
Matigan,F,group C,some college,free/reduced,none,68,68,61
Chauntrice,F,group A,high school,standard,none,59,52,46
Deivin,M,group B,associate's degree,standard,none,49,52,54
Cyler,M,group C,high school,standard,none,70,74,71
Jarelys,F,group D,some college,free/reduced,none,61,47,56
Khadesha,F,group C,associate's degree,free/reduced,none,60,75,74
Markina,F,group B,some high school,standard,completed,64,53,57
Aiyan,M,group A,associate's degree,free/reduced,completed,79,82,82
Thressa,F,group A,associate's degree,free/reduced,none,65,85,76
Nahzier,M,group C,associate's degree,standard,none,64,64,70
Creed,M,group C,some college,standard,none,83,83,90
Whitnye,F,group C,bachelor's degree,standard,none,81,88,90
Hoa,F,group B,high school,standard,none,54,64,68
Mirisa,F,group D,high school,standard,completed,68,64,66
Shakaiya,F,group C,some college,standard,none,54,48,52
Ellesyn,F,group D,some college,free/reduced,completed,59,78,76
Jamyah,F,group B,some high school,standard,none,66,69,68
Eilise,F,group E,some college,standard,none,76,71,72
Enedino,M,group D,master's degree,standard,none,74,79,82
Lorilei,F,group B,associate's degree,standard,completed,94,87,92
Alaysia,F,group C,some college,free/reduced,none,63,61,54
Magabi,F,group E,associate's degree,standard,completed,95,89,92
Abery,F,group D,master's degree,free/reduced,none,40,59,54
Angelynna,F,group B,some high school,standard,none,82,82,80
Piilani,F,group A,high school,standard,none,68,70,66
Chelese,F,group B,bachelor's degree,free/reduced,none,55,59,54
Basilia,F,group C,master's degree,standard,none,79,78,77
Arihana,F,group C,bachelor's degree,standard,none,86,92,87
Davyne,F,group D,some college,standard,none,76,71,73
Paticia,F,group A,some high school,standard,none,64,50,43
Eddison,M,group D,some high school,free/reduced,none,62,49,52
Betty,F,group B,some high school,standard,completed,54,61,62
Anjellica,F,group B,master's degree,free/reduced,completed,77,97,94
Tavaughn,M,group C,some high school,standard,completed,76,87,85
Zuriana,F,group D,some college,standard,none,74,89,84
Mckinzley,F,group E,some college,standard,completed,66,74,73
Tyissha,F,group D,some high school,standard,completed,66,78,78
Anamarie,F,group B,high school,free/reduced,completed,67,78,79
Elmedina,F,group D,some college,standard,none,71,49,52
Livingston,M,group C,associate's degree,standard,none,91,86,84
Tribecca,F,group D,bachelor's degree,standard,none,69,58,57
Maysun,F,group C,master's degree,free/reduced,none,54,59,50
Korvin,M,group C,high school,standard,completed,53,52,49
Stevana,F,group E,some college,standard,none,68,60,59
Bricelyn,F,group C,some high school,free/reduced,completed,56,61,60
Allyn,M,group C,high school,free/reduced,none,36,53,43
Brekken,M,group D,bachelor's degree,free/reduced,none,29,41,47
Myamarie,F,group C,associate's degree,standard,none,62,74,70
Fani,F,group C,associate's degree,standard,completed,68,67,73
Herminia,F,group C,some high school,standard,none,47,54,53
Lana,F,group E,associate's degree,standard,completed,62,61,58
Isadora,F,group E,associate's degree,standard,completed,79,88,94
Jinx,F,group B,high school,standard,completed,73,69,68
Janeanne,F,group C,bachelor's degree,free/reduced,completed,66,83,83
Ontaria,F,group C,associate's degree,standard,completed,51,60,58
Pomposa,F,group D,high school,standard,none,51,66,62
Sofhia,F,group E,bachelor's degree,standard,completed,85,66,71
Carvis,M,group A,associate's degree,standard,completed,97,92,86
Jakey,M,group C,high school,standard,completed,75,69,68
Tangelia,F,group D,associate's degree,free/reduced,completed,79,82,80
Kazimiera,F,group C,associate's degree,standard,none,81,77,79
Shae,F,group D,associate's degree,standard,none,82,95,89
Gram,M,group D,master's degree,standard,none,64,63,66
Taylea,F,group E,some high school,free/reduced,completed,78,83,80
Avik,M,group A,some high school,standard,completed,92,100,97
Truely,F,group C,high school,standard,completed,72,67,64
Clim,M,group C,high school,free/reduced,none,62,67,64
Meridyth,F,group C,master's degree,standard,none,79,72,69
Lawren,F,group C,some high school,free/reduced,none,79,76,65
Meleah,F,group B,bachelor's degree,free/reduced,completed,87,90,88
Supreet,F,group B,associate's degree,standard,none,40,48,50
Quatesha,F,group D,some college,free/reduced,none,77,62,64
Keysi,F,group E,associate's degree,standard,none,53,45,40
Breese,F,group C,some college,free/reduced,none,32,39,33
Atong,F,group C,associate's degree,standard,completed,55,72,79
Drashawn,M,group C,master's degree,free/reduced,none,61,67,66
Letah,F,group B,associate's degree,free/reduced,none,53,70,70
Fallie,F,group D,some high school,standard,none,73,66,62
Ariahnna,F,group D,some college,standard,completed,74,75,79
Cullen,M,group C,some college,standard,none,63,74,74
Yule,M,group C,bachelor's degree,standard,completed,96,90,92
Rishard,M,group D,some college,free/reduced,completed,63,80,80
Yovela,F,group B,bachelor's degree,free/reduced,none,48,51,46
Tymara,F,group B,associate's degree,standard,none,48,43,45
Ayelen,F,group E,bachelor's degree,free/reduced,completed,92,100,100
Shalie,F,group D,master's degree,free/reduced,completed,61,71,78
Johnattan,M,group B,high school,free/reduced,none,63,48,47
Voncil,F,group D,bachelor's degree,free/reduced,none,68,68,67
Nashaya,F,group B,some college,standard,completed,71,75,70
Sumaiyah,F,group A,bachelor's degree,standard,none,91,96,92
Raigen,F,group C,some college,standard,none,53,62,56
Junayd,M,group C,high school,free/reduced,completed,50,66,64
Yousif,M,group E,high school,standard,none,74,81,71
Letrese,F,group A,associate's degree,free/reduced,completed,40,55,53
Harwood,M,group A,some college,standard,completed,61,51,52
Safee,M,group B,high school,standard,none,81,91,89
Llewyn,M,group B,some college,free/reduced,completed,48,56,58
Mandisa,F,group D,master's degree,standard,none,53,61,68
Zaidee,F,group D,some high school,standard,none,81,97,96
Roaa,F,group E,some high school,standard,none,77,79,80
Channin,M,group D,bachelor's degree,free/reduced,none,63,73,78
Trixie,F,group D,associate's degree,standard,completed,73,75,80
Nirvaan,M,group D,some college,standard,none,69,77,77
Ilianny,F,group C,associate's degree,standard,none,65,76,76
Markeyta,F,group A,high school,standard,none,55,73,73
Deviontae,M,group C,bachelor's degree,free/reduced,none,44,63,62
Eldona,F,group C,some college,standard,none,54,64,65
Isarael,M,group A,some high school,standard,none,48,66,65
Ladamion,M,group C,some college,free/reduced,none,58,57,54
Siahna,F,group A,some high school,standard,none,71,62,50
Shaiden,M,group E,bachelor's degree,standard,none,68,68,64
Julica,F,group E,high school,standard,none,74,76,73
Beanca,F,group C,bachelor's degree,standard,completed,92,100,99
Lindale,M,group C,bachelor's degree,standard,completed,56,79,72
Javon,M,group B,high school,free/reduced,none,30,24,15
Jazmia,F,group A,some high school,standard,none,53,54,48
Aryanni,F,group D,high school,standard,none,69,77,73
Tasi,F,group D,some high school,standard,none,65,82,81
Awet,M,group D,master's degree,standard,none,54,60,63
Donasia,F,group C,high school,standard,none,29,29,30
Kamille,F,group E,some college,standard,none,76,78,80
Cameka,F,group D,high school,free/reduced,none,60,57,51
Kelleye,F,group D,master's degree,free/reduced,completed,84,89,90
Davaeh,F,group C,some high school,standard,none,75,72,62
Savy,F,group C,associate's degree,standard,none,85,84,82
Skiler,M,group C,master's degree,free/reduced,none,40,58,54
Marialice,F,group E,some college,standard,none,61,64,62
Jamiroquan,M,group B,associate's degree,standard,none,58,63,65
Jami,F,group D,some college,free/reduced,completed,69,60,63
Jeison,M,group C,some college,standard,none,58,59,66
Tymiesha,F,group C,bachelor's degree,standard,completed,94,90,91
Phan,M,group C,associate's degree,standard,none,65,77,74
Edwyn,M,group A,associate's degree,standard,none,82,93,93
Eastan,M,group C,high school,standard,none,60,68,72
Shaqueen,F,group E,bachelor's degree,standard,none,37,45,38
Dorielle,F,group D,bachelor's degree,standard,none,88,78,83
Serentiy,F,group D,master's degree,standard,none,95,81,84
Rosenna,F,group C,associate's degree,free/reduced,completed,65,73,68
Tajudeen,M,group C,high school,free/reduced,none,35,61,54
Garine,F,group B,bachelor's degree,free/reduced,none,62,63,56
Alexsandra,F,group C,high school,free/reduced,completed,58,51,52
Laverle,F,group A,some college,standard,completed,100,96,86
Nishay,F,group E,bachelor's degree,free/reduced,none,61,58,62
Akirah,F,group D,some college,standard,completed,100,97,99
Aythan,M,group B,associate's degree,free/reduced,completed,69,70,63
Khalil,M,group D,associate's degree,standard,none,61,48,46
Jebidiah,M,group D,some college,free/reduced,none,49,57,46
Diara,F,group C,some high school,standard,completed,44,51,55
Ziden,M,group D,some college,standard,none,67,64,70
Saeed,M,group B,high school,standard,none,79,60,65
Adalyn,F,group B,bachelor's degree,standard,completed,66,74,81
Gabrielah,F,group C,high school,standard,none,75,88,85
Funmilayo,F,group D,some high school,standard,none,84,84,80
Attley,M,group A,high school,standard,none,71,74,64
Maryjoan,F,group B,high school,free/reduced,completed,67,80,81
Sricharan,M,group D,some high school,standard,completed,80,92,88
Delsia,F,group E,some college,standard,none,86,76,74
Saudia,F,group D,associate's degree,standard,none,76,74,73
Jermine,M,group D,high school,standard,none,41,52,51
Jayleen,F,group D,associate's degree,free/reduced,completed,74,88,90
Jolon,M,group B,some high school,free/reduced,none,72,81,79
Torino,M,group E,high school,standard,completed,74,79,80
Salonge,F,group B,high school,standard,none,70,65,60
Gyda,F,group B,bachelor's degree,standard,completed,65,81,81
Enrriqueta,F,group D,associate's degree,standard,none,59,70,65
Wandalea,F,group E,high school,free/reduced,none,64,62,68
Diovanni,M,group B,high school,standard,none,50,53,55
Legrand,M,group D,some college,standard,completed,69,79,81
Mcalister,M,group C,some high school,free/reduced,completed,51,56,53
Luie,M,group A,high school,standard,completed,68,80,76
Dvaughn,M,group D,some college,standard,completed,85,86,98
Delainee,F,group A,associate's degree,standard,completed,65,70,74
Maelea,F,group B,some high school,standard,none,73,79,79
Nayela,F,group B,some college,standard,none,62,67,67
Moxon,M,group C,associate's degree,free/reduced,none,77,67,64
Neville,M,group D,some high school,standard,none,69,66,61
Amritpal,M,group D,associate's degree,free/reduced,none,43,60,58
Leea,F,group D,associate's degree,standard,none,90,87,85
Deseree,F,group C,some college,free/reduced,none,74,77,73
Leyiah,F,group C,some high school,standard,none,73,66,63
Mariamawit,F,group D,some college,free/reduced,none,55,71,69
Lonard,M,group C,high school,standard,none,65,69,67
Nadelynn,F,group D,associate's degree,standard,none,80,63,63
Rabekah,F,group C,some high school,free/reduced,completed,50,60,60
Stepheny,F,group C,some college,free/reduced,completed,63,73,71
Curt,M,group B,bachelor's degree,free/reduced,none,77,85,87
Kirby,M,group C,some college,standard,none,73,74,61
Darelyn,F,group D,associate's degree,standard,completed,81,72,77
Coraima,F,group C,high school,free/reduced,none,66,76,68
Kiristen,F,group D,associate's degree,free/reduced,none,52,57,50
Fadia,F,group C,some college,standard,none,69,78,76
Leeila,F,group C,associate's degree,standard,completed,65,84,84
Dorabelle,F,group D,high school,standard,completed,69,77,78
Leodis,M,group B,some college,standard,completed,50,64,66
Sumitra,F,group E,some college,standard,completed,73,78,76
Mahak,F,group C,some high school,standard,completed,70,82,76
Yosmar,M,group D,associate's degree,free/reduced,none,81,75,78
Davontay,M,group D,some college,free/reduced,none,63,61,60
Demi,F,group D,high school,standard,none,67,72,74
Duante,M,group B,high school,standard,none,60,68,60
Elleson,F,group B,high school,standard,none,62,55,54
Jahleah,F,group C,some high school,free/reduced,completed,29,40,44
Shaunteria,F,group B,some college,standard,completed,62,66,68
Walsh,M,group E,master's degree,standard,completed,94,99,100
Phronia,F,group E,some college,standard,completed,85,75,68
Talyr,F,group D,associate's degree,free/reduced,none,77,78,73
Antonette,F,group A,high school,free/reduced,none,53,58,44
Marisah,F,group E,some college,free/reduced,none,93,90,83
Alston,M,group C,associate's degree,standard,none,49,53,53
Jackelyne,F,group E,associate's degree,free/reduced,none,73,76,78
Seleena,F,group C,bachelor's degree,free/reduced,completed,66,74,81
Divid,M,group D,associate's degree,standard,none,77,77,73
Salley,F,group C,some high school,standard,none,49,63,56
Yanileth,F,group D,some college,free/reduced,none,79,89,86
Litisha,F,group C,associate's degree,standard,completed,75,82,90
Aungelique,F,group A,bachelor's degree,standard,none,59,72,70
Kanai,M,group D,associate's degree,standard,completed,57,78,79
Izora,F,group C,high school,free/reduced,none,66,66,59
Noyes,M,group E,bachelor's degree,standard,completed,79,81,82
Braylyn,F,group B,some high school,standard,none,57,67,72
Keiontae,M,group A,bachelor's degree,standard,completed,87,84,87
Abrar,F,group D,some college,standard,none,63,64,67
Benjermin,M,group B,some high school,free/reduced,completed,59,63,64
Aneya,F,group A,bachelor's degree,free/reduced,none,62,72,65
Nickiya,F,group D,high school,standard,none,46,34,36
Aaliayh,F,group C,some college,standard,none,66,59,52
Titus,M,group D,high school,standard,none,89,87,79
Kanishia,F,group D,associate's degree,free/reduced,completed,42,61,58
Jocabed,F,group C,some college,standard,completed,93,84,90
Kujuan,M,group E,some high school,standard,completed,80,85,85
Yessia,F,group D,some college,standard,none,98,100,99
Verbena,F,group D,master's degree,standard,none,81,81,84
Brixton,M,group B,some high school,standard,completed,60,70,74
Landonn,M,group B,associate's degree,free/reduced,completed,76,94,87
Lynnis,F,group C,associate's degree,standard,completed,73,78,72
Engie,F,group C,associate's degree,standard,completed,96,96,99
Vinyette,F,group C,high school,standard,none,76,76,74
Ellesse,F,group E,associate's degree,free/reduced,completed,91,73,80
Almas,F,group C,some college,free/reduced,none,62,72,70
Arnelle,F,group D,some high school,free/reduced,completed,55,59,59
Katiuscia,F,group B,some high school,free/reduced,completed,74,90,88
Bernida,F,group C,high school,standard,none,50,48,42
Turiya,F,group B,some college,standard,none,47,43,41
Thatiana,F,group E,some college,standard,completed,81,74,71
Davey,M,group E,associate's degree,standard,completed,65,75,77
Camie,F,group E,some high school,standard,completed,68,51,57
Suhavi,F,group D,high school,free/reduced,none,73,92,84
Timouthy,M,group C,some college,standard,none,53,39,37
Latarius,M,group B,associate's degree,free/reduced,completed,68,77,80
Anjelique,F,group A,some high school,free/reduced,none,55,46,43
Nastassja,F,group C,some college,standard,completed,87,89,94
Tynslee,F,group D,some high school,standard,none,55,47,44
Maddisson,F,group E,some college,free/reduced,none,53,58,57
Lucrezia,F,group C,master's degree,standard,none,67,57,59
Mabry,F,group C,associate's degree,standard,none,92,79,84
Emmanuel,M,group B,some college,free/reduced,completed,53,66,73
Dantes,M,group D,associate's degree,standard,none,81,71,73
Aidrick,M,group C,high school,free/reduced,none,61,60,55
Shaneeka,F,group D,bachelor's degree,standard,none,80,73,72
Racie,F,group A,associate's degree,free/reduced,none,37,57,56
Tomatra,M,group C,high school,standard,none,81,84,82
Malijah,F,group C,associate's degree,standard,completed,59,73,72
Jaikub,M,group B,some college,free/reduced,none,55,55,47
Miela,F,group D,associate's degree,standard,none,72,79,74
Filamena,F,group D,high school,standard,none,69,75,71
Valaida,F,group C,some college,standard,none,69,64,68
Wood,M,group C,bachelor's degree,free/reduced,none,50,60,59
Nataniel,M,group B,some college,standard,completed,87,84,86
Altair,F,group D,some high school,standard,completed,71,69,68
Bettyjean,F,group E,some college,standard,none,68,72,65
Mckenley,F,group C,master's degree,free/reduced,completed,79,77,75
Talmage,M,group C,some high school,standard,completed,77,90,85
Elanore,F,group C,associate's degree,free/reduced,none,58,55,53
Shruti,F,group E,associate's degree,standard,none,84,95,92
Cliff,M,group D,some college,standard,none,55,58,52
Amon,M,group E,bachelor's degree,free/reduced,completed,70,68,72
Skylair,F,group D,some college,free/reduced,completed,52,59,65
Jerimya,M,group B,some college,standard,completed,69,77,77
Landee,F,group C,high school,free/reduced,none,53,72,64
Gonzella,F,group D,some high school,standard,none,48,58,54
Zaier,M,group D,some high school,standard,completed,78,81,86
Sheika,F,group B,high school,standard,none,62,62,63
Caydence,F,group D,some college,standard,none,60,63,59
Derin,M,group B,high school,standard,none,74,72,72
Hollace,F,group C,high school,standard,completed,58,75,77
Keshante,F,group B,high school,standard,completed,76,62,60
Levolia,F,group D,some high school,standard,none,68,71,75
Aws,M,group A,some college,free/reduced,none,58,60,57
Jerrisha,F,group B,high school,standard,none,52,48,49
Danaija,F,group D,bachelor's degree,standard,none,75,73,74
Ophelie,F,group B,some high school,free/reduced,completed,52,67,72
Renisha,F,group C,bachelor's degree,free/reduced,none,62,78,79
Joyelle,F,group B,some college,standard,none,66,65,60
Alzena,F,group B,some high school,free/reduced,none,49,58,55
Aeriana,F,group B,high school,standard,none,66,72,70
Eavie,F,group C,some college,free/reduced,none,35,44,43
Clyde,M,group A,some college,standard,completed,72,79,82
Jashone,M,group E,associate's degree,standard,completed,94,85,82
Giro,M,group D,associate's degree,free/reduced,none,46,56,57
Libbey,F,group B,master's degree,standard,none,77,90,84
Charna,F,group B,high school,free/reduced,completed,76,85,82
Aarick,M,group C,associate's degree,standard,completed,52,59,62
Escher,M,group C,bachelor's degree,standard,completed,91,81,79
Jennfier,F,group B,some high school,standard,completed,32,51,44
Brynley,F,group E,some high school,free/reduced,none,72,79,77
Tayce,M,group B,some college,standard,none,19,38,32
Osualdo,M,group C,associate's degree,free/reduced,none,68,65,61
Adianna,F,group C,master's degree,free/reduced,none,52,65,61
Dimple,F,group B,high school,standard,none,48,62,60
Lakrista,F,group D,some college,free/reduced,none,60,66,70
Larenda,F,group D,high school,free/reduced,none,66,74,69
Anniah,F,group E,some high school,standard,completed,89,84,77
Dougles,M,group B,high school,standard,none,42,52,51
Emmanuell,M,group E,associate's degree,free/reduced,completed,57,68,73
Iwana,F,group D,high school,standard,none,70,70,70
Shealee,F,group E,associate's degree,free/reduced,none,70,84,81
Zaheen,M,group E,some college,standard,none,69,60,54
Shantail,F,group C,associate's degree,standard,none,52,55,57
Siyam,F,group C,some high school,standard,completed,67,73,68
Nicholous,M,group C,some high school,standard,completed,76,80,73
Nayseth,F,group E,associate's degree,standard,none,87,94,95
Miyeko,F,group B,some college,standard,none,82,85,87
Demetri,M,group C,some college,standard,none,73,76,78
Tony,M,group A,some college,free/reduced,none,75,81,74
Khingston,M,group D,some college,free/reduced,none,64,74,75
Noraida,F,group E,high school,free/reduced,none,41,45,40
Teidra,F,group C,high school,standard,none,90,75,69
Kamyrn,F,group B,bachelor's degree,standard,none,59,54,51
Reanda,F,group A,some high school,standard,none,51,31,36
Para,F,group A,high school,free/reduced,none,45,47,49
Kamayla,F,group C,master's degree,standard,completed,54,64,67
Samuelle,M,group E,some high school,standard,completed,87,84,76
Chanta,F,group C,high school,standard,none,72,80,83
Lloydine,F,group B,some high school,standard,completed,94,86,87
Rosealina,F,group A,bachelor's degree,standard,none,45,59,64
Jorja,F,group D,bachelor's degree,free/reduced,completed,61,70,76
Ridleigh,F,group B,high school,free/reduced,none,60,72,68
Adama,F,group C,some high school,standard,none,77,91,88
Alieen,F,group A,some high school,standard,completed,85,90,92
Jimique,M,group D,bachelor's degree,free/reduced,none,78,90,93
Meleigha,F,group E,some college,free/reduced,completed,49,52,51
Allice,F,group B,high school,free/reduced,none,71,87,82
Detzani,F,group C,some high school,free/reduced,none,48,58,52
Jason,M,group C,high school,standard,none,62,67,58
Kelvisha,F,group C,associate's degree,free/reduced,completed,56,68,70
Lanyjah,F,group C,some high school,standard,none,65,69,76
Rhonan,M,group D,some high school,free/reduced,completed,69,86,81
Davel,M,group B,some high school,standard,none,68,54,53
Rahila,F,group A,some college,free/reduced,none,61,60,57
Gwennetta,F,group C,bachelor's degree,free/reduced,completed,74,86,89
Envee,F,group A,bachelor's degree,standard,none,64,60,58
Blain,M,group B,high school,standard,completed,77,82,89
Korban,M,group B,some college,standard,none,58,50,45
Rikya,F,group C,high school,standard,completed,60,64,74
Aliecia,F,group E,high school,standard,none,73,64,57
Naylia,F,group A,high school,standard,completed,75,82,79
Keela,F,group B,associate's degree,free/reduced,completed,58,57,53
Addiemae,F,group C,associate's degree,standard,none,66,77,73
Milarain,F,group D,high school,free/reduced,none,39,52,46
Savone,M,group C,some high school,standard,none,64,58,51
Michaelann,F,group B,high school,free/reduced,completed,23,44,36
Malone,M,group B,some college,free/reduced,completed,74,77,76
Lazell,M,group D,some high school,free/reduced,completed,40,65,64
Myrta,F,group E,master's degree,standard,none,90,85,84
Kaimilani,F,group C,master's degree,standard,completed,91,85,85
Madiba,M,group D,high school,standard,none,64,54,50
Mishary,M,group C,high school,standard,none,59,72,68
Al,M,group D,associate's degree,standard,none,80,75,69
Huxley,M,group C,master's degree,standard,none,71,67,67
Honesty,F,group A,high school,standard,none,61,68,63
Jaser,M,group E,some college,standard,none,87,85,93
Tromaine,M,group E,some high school,standard,none,82,67,61
Raoul,M,group C,some high school,standard,none,62,64,55
Eurania,F,group B,bachelor's degree,standard,none,97,97,96
Herberta,F,group B,some college,free/reduced,none,75,68,65
Luiggi,M,group C,bachelor's degree,standard,none,65,79,81
Niyathi,F,group B,high school,standard,completed,52,49,46
America,F,group C,associate's degree,free/reduced,none,87,73,72
Ivera,F,group C,associate's degree,standard,none,53,62,53
Clera,F,group E,master's degree,free/reduced,none,81,86,87
Ellyce,F,group D,bachelor's degree,free/reduced,completed,39,42,38
Shakeal,M,group C,some college,standard,completed,71,71,80
Zanariah,F,group C,associate's degree,standard,none,97,93,91
Winslet,F,group D,some college,standard,completed,82,82,88
Elibeth,F,group C,high school,free/reduced,none,59,53,52
Adrik,M,group B,associate's degree,standard,none,61,42,41
Rufus,M,group E,associate's degree,free/reduced,completed,78,74,72
Taino,M,group C,associate's degree,free/reduced,none,49,51,51
Nijash,M,group B,high school,standard,none,59,58,47
Sauda,F,group C,some college,standard,completed,70,72,76
Sadell,F,group B,associate's degree,standard,completed,82,84,78
Sajjad,M,group E,associate's degree,free/reduced,none,90,90,82
Ancil,M,group C,bachelor's degree,free/reduced,none,43,62,61
Derk,M,group C,some college,free/reduced,none,80,64,66
Briaja,F,group D,some college,standard,none,81,82,84
Jovita,F,group C,some high school,standard,none,57,61,54
Lansana,M,group D,some high school,standard,none,59,72,80
Pakou,F,group D,associate's degree,standard,none,64,76,74
Aino,F,group C,bachelor's degree,standard,completed,63,64,66
Desani,F,group E,bachelor's degree,standard,completed,71,70,70
Gagandeep,M,group B,high school,free/reduced,none,64,73,71
Tazariah,F,group D,bachelor's degree,free/reduced,none,55,46,44
Sarell,F,group E,associate's degree,standard,none,51,51,54
Shereeta,F,group C,associate's degree,standard,completed,62,76,80
Yaminah,F,group E,associate's degree,standard,completed,93,100,95
Fionna,F,group C,high school,free/reduced,none,54,72,59
Martajah,F,group D,some college,free/reduced,none,69,65,74
Verlana,F,group D,high school,free/reduced,none,44,51,48
Filadelfio,M,group E,some college,standard,completed,86,85,91
Kiyra,F,group E,associate's degree,standard,none,85,92,85
Shela,F,group A,master's degree,free/reduced,none,50,67,73
Deepti,F,group D,some high school,standard,completed,88,74,75
Aldayshein,M,group E,associate's degree,standard,none,59,62,69
Anylah,F,group E,some high school,free/reduced,none,32,34,38
Ruthine,F,group B,high school,free/reduced,none,36,29,27
Ellwyn,M,group B,some high school,free/reduced,completed,63,78,79
Kenin,M,group D,associate's degree,standard,completed,67,54,63
Jazavion,M,group D,some high school,standard,completed,65,78,82
Essye,F,group D,master's degree,standard,none,85,84,89
Gerniya,F,group C,master's degree,standard,none,73,78,74
Birdye,F,group A,high school,free/reduced,completed,34,48,41
Fountain,M,group D,bachelor's degree,free/reduced,completed,93,100,100
Tyhessia,F,group D,some high school,free/reduced,none,67,84,84
Rheda,F,group D,some college,standard,none,88,77,77
Arjav,M,group B,high school,standard,none,57,48,51
Hikari,F,group D,some college,standard,completed,79,84,91
Rufe,M,group C,bachelor's degree,free/reduced,none,67,75,72
Jeovanny,M,group E,bachelor's degree,standard,completed,70,64,70
Yosalin,F,group D,bachelor's degree,free/reduced,none,50,42,48
Ahmire,M,group A,some college,standard,none,69,84,82
Korilyn,F,group C,bachelor's degree,standard,completed,52,61,66
Faren,F,group C,bachelor's degree,free/reduced,completed,47,62,66
Ramiah,F,group B,associate's degree,free/reduced,none,46,61,55
Eb,M,group E,some college,standard,none,68,70,66
Nagi,M,group E,bachelor's degree,standard,completed,100,100,100
Priyan,M,group C,high school,standard,none,44,61,52
Laima,F,group C,associate's degree,standard,completed,57,77,80
Loudon,M,group B,some college,standard,completed,91,96,91
Mable,F,group D,high school,free/reduced,none,69,70,67
Chalee,F,group C,high school,free/reduced,none,35,53,46
Kurtus,M,group D,high school,standard,none,72,66,66
Daion,M,group B,associate's degree,free/reduced,none,54,65,65
Arieanna,F,group D,high school,free/reduced,none,74,70,69
Diangela,F,group E,some high school,standard,completed,74,64,60
Wilhemina,F,group E,associate's degree,free/reduced,none,64,56,52
Hadja,F,group D,high school,free/reduced,completed,65,61,71
Padgett,F,group E,associate's degree,free/reduced,completed,46,43,44
Tykiera,F,group C,some high school,free/reduced,none,48,56,51
Shinichi,M,group C,some college,free/reduced,completed,67,74,70
Adaku,F,group D,some college,free/reduced,none,62,57,62
Leylan,M,group D,associate's degree,free/reduced,completed,61,71,73
Elmina,F,group C,bachelor's degree,free/reduced,completed,70,75,74
Gautam,M,group C,associate's degree,standard,completed,98,87,90
Emontae,M,group D,some college,free/reduced,none,70,63,58
Mckaila,F,group A,associate's degree,standard,none,67,57,53
Brisia,F,group E,high school,free/reduced,none,57,58,57
Taneyah,F,group D,some college,standard,completed,85,81,85
Mirenda,F,group D,some high school,standard,completed,77,68,69
Zenda,F,group C,master's degree,free/reduced,completed,72,66,72
Arvile,M,group D,master's degree,standard,none,78,91,96
Azaylah,F,group C,high school,standard,none,81,66,64
Kharsyn,F,group A,some high school,free/reduced,completed,61,62,61
Ciel,F,group B,high school,standard,none,58,68,61
Breaanna,F,group C,associate's degree,standard,none,54,61,58
Celicia,F,group B,high school,standard,none,82,82,80
Ulrick,M,group D,some college,free/reduced,none,49,58,60
Yalanda,F,group B,some high school,free/reduced,completed,49,50,52
Rolin,M,group E,high school,free/reduced,completed,57,75,73
Tobius,M,group E,high school,standard,none,94,73,71
Nyila,F,group D,some college,standard,completed,75,77,83
Elahna,F,group E,some high school,free/reduced,none,74,74,72
Cloyse,M,group C,high school,standard,completed,58,52,54
Lienna,F,group C,some college,standard,none,62,69,69
Emelyn,F,group E,associate's degree,standard,none,72,57,62
Aafia,F,group C,some college,standard,none,84,87,81
Lielah,F,group D,master's degree,standard,none,92,100,100
Wavely,M,group D,high school,standard,none,45,63,59
Jerith,M,group C,high school,standard,none,75,81,71
Titianna,F,group A,some college,standard,none,56,58,64
Kathrynn,F,group D,some high school,free/reduced,none,48,54,53
Williette,F,group E,associate's degree,standard,none,100,100,100
Johntavia,F,group C,some high school,free/reduced,completed,65,76,75
Enola,F,group D,some college,standard,none,72,57,58
Erney,M,group D,some college,standard,none,62,70,72
Lequetta,F,group A,some high school,standard,completed,66,68,64
Aliiyah,F,group C,some college,standard,none,63,63,60
Lachasity,F,group E,associate's degree,standard,none,68,76,67
Ashyria,F,group B,bachelor's degree,standard,none,75,84,80
Crosby,M,group D,bachelor's degree,standard,none,89,100,100
Jarrid,M,group C,some high school,standard,completed,78,72,69
Vaitiare,F,group A,high school,free/reduced,completed,53,50,60
Ninive,F,group D,some college,free/reduced,none,49,65,61
Laderian,M,group A,some college,standard,none,54,63,67
Landdon,M,group C,some college,standard,completed,64,82,77
Akshan,M,group B,some college,free/reduced,completed,60,62,60
Molley,F,group C,associate's degree,standard,none,62,65,58
Ajeet,M,group D,high school,standard,completed,55,41,48
Jontae,M,group C,associate's degree,standard,none,91,95,94
Samih,M,group B,high school,free/reduced,none,8,24,23
Raequawn,M,group D,some high school,standard,none,81,78,78
Buse,F,group B,some high school,standard,completed,79,85,86
Levoy,M,group A,some college,standard,completed,78,87,91
Angello,M,group C,some high school,standard,none,74,75,82
Santhiago,M,group A,high school,standard,none,57,51,54
Tonnia,F,group C,associate's degree,standard,none,40,59,51
Tyieshia,F,group E,some high school,standard,completed,81,75,76
Chloemae,F,group A,some high school,free/reduced,none,44,45,45
Jillienne,F,group D,some college,free/reduced,completed,67,86,83
